,Cooling_schedule,Markov,Cost,Percentage,Routes,Init routes
0,Log,10,2985.4167264377784,70,"[119, 118, 156, 157, 158, 159, 174, 172, 173, 170, 171, 169, 168, 100, 99, 98, 97, 96, 95, 94, 93, 92, 79, 80, 81, 78, 77, 76, 75, 74, 73, 72, 71, 70, 69, 66, 65, 67, 68, 57, 58, 43, 44, 45, 46, 54, 55, 56, 53, 52, 47, 51, 48, 50, 49, 36, 35, 37, 38, 39, 40, 41, 42, 59, 60, 117, 61, 62, 63, 64, 84, 85, 115, 116, 114, 113, 112, 86, 83, 82, 87, 111, 110, 109, 105, 106, 104, 107, 108, 88, 89, 90, 91, 103, 102, 101, 167, 166, 165, 164, 163, 162, 161, 160, 181, 180, 179, 178, 175, 176, 150, 151, 155, 177, 149, 148, 147, 146, 145, 144, 143, 142, 141, 140, 139, 138, 137, 136, 135, 153, 154, 152, 120, 121, 122, 123, 124, 29, 33, 34, 32, 30, 31, 27, 28, 125, 126, 128, 129, 130, 131, 132, 16, 17, 18, 19, 20, 127, 26, 25, 21, 24, 22, 23, 13, 12, 11, 10, 9, 7, 6, 8, 274, 273, 272, 271, 270, 14, 15, 269, 133, 134, 268, 267, 266, 265, 264, 263, 262, 261, 260, 259, 258, 257, 256, 253, 252, 251, 254, 255, 248, 247, 2, 278, 277, 3, 276, 275, 5, 4, 0, 279, 1, 241, 242, 243, 240, 239, 238, 237, 236, 235, 234, 233, 232, 231, 230, 245, 244, 246, 249, 250, 229, 228, 227, 226, 225, 224, 223, 222, 221, 220, 219, 218, 217, 216, 215, 214, 213, 212, 211, 210, 209, 208, 207, 206, 205, 204, 203, 202, 201, 200, 199, 198, 197, 196, 195, 194, 193, 191, 190, 189, 188, 187, 186, 185, 184, 183, 182, 192]","[119, 118, 156, 157, 158, 159, 174, 172, 173, 170, 171, 169, 168, 100, 99, 98, 97, 96, 95, 94, 93, 92, 79, 80, 81, 78, 77, 76, 75, 74, 73, 72, 71, 70, 69, 66, 65, 67, 68, 57, 58, 43, 44, 45, 46, 54, 55, 56, 53, 52, 47, 51, 48, 50, 49, 36, 35, 37, 38, 39, 40, 41, 42, 59, 60, 117, 61, 62, 63, 64, 84, 85, 115, 116, 114, 113, 112, 86, 83, 82, 87, 111, 110, 109, 105, 106, 104, 107, 108, 88, 89, 90, 91, 103, 102, 101, 167, 166, 165, 164, 163, 162, 161, 160, 181, 180, 179, 178, 175, 176, 150, 151, 155, 177, 149, 148, 147, 146, 145, 144, 143, 142, 141, 140, 139, 138, 137, 136, 135, 153, 154, 152, 120, 121, 122, 123, 124, 29, 33, 34, 32, 30, 31, 27, 28, 125, 126, 128, 129, 130, 131, 132, 16, 17, 18, 19, 20, 127, 26, 25, 21, 24, 22, 23, 13, 12, 11, 10, 9, 7, 6, 8, 274, 273, 272, 271, 270, 14, 15, 269, 133, 134, 268, 267, 266, 265, 264, 263, 262, 261, 260, 259, 258, 257, 256, 253, 252, 251, 254, 255, 248, 247, 2, 278, 277, 3, 276, 275, 5, 4, 0, 279, 1, 241, 242, 243, 240, 239, 238, 237, 236, 235, 234, 233, 232, 231, 230, 245, 244, 246, 249, 250, 229, 228, 227, 226, 225, 224, 223, 222, 221, 220, 219, 218, 217, 216, 215, 214, 213, 212, 211, 210, 209, 208, 207, 206, 205, 204, 203, 202, 201, 200, 199, 198, 197, 196, 195, 194, 193, 191, 190, 189, 188, 187, 186, 185, 184, 183, 182, 192]"
1,Log,10,2856.7491337372994,70,"[161, 173, 106, 104, 105, 172, 160, 174, 159, 158, 157, 156, 118, 119, 120, 121, 122, 123, 128, 125, 126, 127, 20, 19, 18, 17, 129, 130, 131, 132, 16, 15, 270, 14, 271, 272, 273, 274, 8, 6, 7, 9, 10, 11, 12, 13, 23, 22, 24, 21, 25, 26, 27, 28, 31, 30, 29, 124, 32, 33, 34, 35, 36, 37, 38, 39, 40, 41, 42, 59, 58, 43, 44, 45, 46, 47, 48, 49, 50, 51, 52, 53, 54, 55, 56, 57, 67, 68, 69, 70, 71, 72, 73, 74, 75, 76, 77, 78, 80, 79, 90, 89, 88, 108, 111, 87, 81, 82, 83, 86, 112, 115, 85, 84, 66, 65, 64, 63, 62, 61, 60, 117, 116, 114, 113, 110, 109, 107, 103, 102, 91, 96, 95, 94, 93, 92, 97, 98, 99, 100, 101, 168, 170, 171, 169, 167, 166, 165, 164, 163, 162, 183, 182, 181, 180, 179, 178, 175, 176, 177, 150, 151, 153, 154, 152, 155, 149, 148, 147, 146, 145, 144, 143, 142, 141, 140, 139, 138, 137, 136, 135, 134, 133, 269, 268, 267, 266, 265, 264, 263, 262, 261, 260, 259, 258, 257, 256, 253, 252, 251, 254, 255, 248, 247, 277, 278, 3, 276, 275, 5, 4, 0, 2, 279, 1, 241, 240, 239, 238, 237, 230, 231, 232, 233, 234, 235, 236, 245, 244, 242, 243, 246, 249, 250, 229, 228, 227, 226, 225, 224, 223, 222, 221, 220, 219, 218, 217, 216, 215, 214, 213, 212, 211, 210, 209, 208, 207, 206, 205, 204, 203, 202, 201, 200, 199, 198, 197, 196, 195, 194, 193, 191, 190, 189, 188, 187, 186, 184, 185, 192]","[161, 173, 106, 104, 105, 172, 160, 174, 159, 158, 157, 156, 118, 119, 120, 121, 122, 123, 128, 125, 126, 127, 20, 19, 18, 17, 129, 130, 131, 132, 16, 15, 270, 14, 271, 272, 273, 274, 8, 6, 7, 9, 10, 11, 12, 13, 23, 22, 24, 21, 25, 26, 27, 28, 31, 30, 29, 124, 32, 33, 34, 35, 36, 37, 38, 39, 40, 41, 42, 59, 58, 43, 44, 45, 46, 47, 48, 49, 50, 51, 52, 53, 54, 55, 56, 57, 67, 68, 69, 70, 71, 72, 73, 74, 75, 76, 77, 78, 80, 79, 90, 89, 88, 108, 111, 87, 81, 82, 83, 86, 112, 115, 85, 84, 66, 65, 64, 63, 62, 61, 60, 117, 116, 114, 113, 110, 109, 107, 103, 102, 91, 96, 95, 94, 93, 92, 97, 98, 99, 100, 101, 168, 170, 171, 169, 167, 166, 165, 164, 163, 162, 183, 182, 181, 180, 179, 178, 175, 176, 177, 150, 151, 153, 154, 152, 155, 149, 148, 147, 146, 145, 144, 143, 142, 141, 140, 139, 138, 137, 136, 135, 134, 133, 269, 268, 267, 266, 265, 264, 263, 262, 261, 260, 259, 258, 257, 256, 253, 252, 251, 254, 255, 248, 247, 277, 278, 3, 276, 275, 5, 4, 0, 2, 279, 1, 241, 240, 239, 238, 237, 230, 231, 232, 233, 234, 235, 236, 245, 244, 242, 243, 246, 249, 250, 229, 228, 227, 226, 225, 224, 223, 222, 221, 220, 219, 218, 217, 216, 215, 214, 213, 212, 211, 210, 209, 208, 207, 206, 205, 204, 203, 202, 201, 200, 199, 198, 197, 196, 195, 194, 193, 191, 190, 189, 188, 187, 186, 184, 185, 192]"
2,Log,10,3077.79798166125,80,"[24, 21, 25, 26, 22, 23, 13, 12, 14, 11, 10, 9, 7, 8, 6, 5, 4, 3, 276, 275, 274, 273, 272, 271, 270, 15, 269, 133, 134, 135, 136, 137, 138, 139, 265, 266, 267, 268, 263, 262, 261, 260, 259, 258, 257, 256, 253, 252, 207, 206, 209, 208, 251, 254, 255, 248, 277, 278, 2, 279, 0, 1, 241, 242, 247, 243, 240, 239, 238, 231, 232, 233, 234, 235, 236, 237, 230, 245, 244, 246, 249, 250, 229, 228, 227, 226, 225, 224, 223, 222, 221, 218, 217, 214, 213, 210, 211, 212, 215, 216, 219, 220, 201, 200, 195, 194, 193, 191, 190, 189, 188, 187, 186, 184, 183, 181, 182, 185, 192, 196, 197, 198, 199, 202, 203, 204, 205, 264, 140, 141, 142, 143, 144, 145, 146, 147, 148, 149, 177, 178, 179, 180, 175, 176, 150, 151, 155, 152, 154, 153, 128, 129, 130, 131, 132, 16, 17, 18, 19, 20, 127, 126, 125, 28, 30, 27, 31, 32, 35, 36, 37, 34, 33, 29, 124, 123, 122, 121, 120, 119, 118, 156, 157, 158, 159, 174, 160, 161, 162, 163, 164, 165, 166, 167, 168, 169, 170, 171, 172, 173, 106, 109, 111, 87, 108, 107, 103, 104, 105, 102, 101, 100, 99, 98, 97, 96, 95, 94, 93, 92, 91, 90, 89, 88, 80, 79, 78, 75, 81, 82, 83, 86, 112, 110, 113, 114, 116, 115, 85, 84, 65, 66, 64, 63, 62, 61, 117, 60, 59, 42, 41, 40, 39, 38, 45, 46, 47, 48, 49, 50, 51, 52, 53, 54, 44, 43, 55, 56, 58, 57, 67, 68, 69, 70, 71, 72, 73, 74, 76, 77]","[24, 21, 25, 26, 22, 23, 13, 12, 14, 11, 10, 9, 7, 8, 6, 5, 4, 3, 276, 275, 274, 273, 272, 271, 270, 15, 269, 133, 134, 135, 136, 137, 138, 139, 265, 266, 267, 268, 263, 262, 261, 260, 259, 258, 257, 256, 253, 252, 207, 206, 209, 208, 251, 254, 255, 248, 277, 278, 2, 279, 0, 1, 241, 242, 247, 243, 240, 239, 238, 231, 232, 233, 234, 235, 236, 237, 230, 245, 244, 246, 249, 250, 229, 228, 227, 226, 225, 224, 223, 222, 221, 218, 217, 214, 213, 210, 211, 212, 215, 216, 219, 220, 201, 200, 195, 194, 193, 191, 190, 189, 188, 187, 186, 184, 183, 181, 182, 185, 192, 196, 197, 198, 199, 202, 203, 204, 205, 264, 140, 141, 142, 143, 144, 145, 146, 147, 148, 149, 177, 178, 179, 180, 175, 176, 150, 151, 155, 152, 154, 153, 128, 129, 130, 131, 132, 16, 17, 18, 19, 20, 127, 126, 125, 28, 30, 27, 31, 32, 35, 36, 37, 34, 33, 29, 124, 123, 122, 121, 120, 119, 118, 156, 157, 158, 159, 174, 160, 161, 162, 163, 164, 165, 166, 167, 168, 169, 170, 171, 172, 173, 106, 109, 111, 87, 108, 107, 103, 104, 105, 102, 101, 100, 99, 98, 97, 96, 95, 94, 93, 92, 91, 90, 89, 88, 80, 79, 78, 75, 81, 82, 83, 86, 112, 110, 113, 114, 116, 115, 85, 84, 65, 66, 64, 63, 62, 61, 117, 60, 59, 42, 41, 40, 39, 38, 45, 46, 47, 48, 49, 50, 51, 52, 53, 54, 44, 43, 55, 56, 58, 57, 67, 68, 69, 70, 71, 72, 73, 74, 76, 77]"
3,Log,10,2974.808927419998,80,"[95, 94, 93, 96, 97, 92, 98, 99, 91, 90, 89, 108, 88, 81, 80, 79, 78, 77, 76, 75, 74, 73, 72, 71, 70, 69, 68, 67, 57, 58, 56, 54, 53, 55, 43, 44, 45, 46, 48, 47, 52, 51, 50, 49, 36, 35, 37, 38, 39, 40, 41, 42, 59, 60, 117, 61, 62, 63, 65, 66, 64, 84, 85, 115, 116, 114, 113, 111, 87, 82, 83, 86, 112, 110, 109, 107, 106, 105, 104, 103, 102, 101, 100, 171, 170, 169, 168, 167, 166, 165, 164, 163, 162, 161, 160, 173, 172, 174, 159, 158, 157, 156, 118, 119, 120, 121, 122, 123, 124, 29, 30, 34, 33, 32, 31, 28, 27, 26, 25, 21, 24, 22, 23, 13, 12, 11, 10, 9, 7, 6, 8, 274, 273, 272, 271, 270, 15, 14, 16, 17, 132, 269, 268, 267, 135, 134, 133, 131, 19, 18, 130, 129, 20, 127, 126, 125, 128, 153, 154, 152, 155, 151, 150, 176, 175, 180, 181, 182, 183, 179, 178, 177, 149, 148, 147, 146, 145, 144, 143, 142, 141, 140, 139, 138, 137, 136, 266, 265, 264, 263, 262, 261, 260, 259, 258, 257, 256, 253, 252, 251, 254, 255, 248, 247, 278, 277, 3, 276, 275, 5, 4, 0, 2, 279, 1, 241, 242, 243, 240, 239, 238, 237, 230, 231, 232, 233, 234, 235, 236, 245, 244, 246, 249, 250, 229, 228, 227, 226, 225, 224, 223, 222, 221, 220, 219, 218, 217, 216, 215, 214, 213, 212, 211, 210, 209, 208, 207, 206, 205, 204, 203, 202, 201, 200, 199, 198, 197, 196, 195, 194, 193, 191, 190, 189, 188, 187, 185, 186, 184, 192]","[95, 94, 93, 96, 97, 92, 98, 99, 91, 90, 89, 108, 88, 81, 80, 79, 78, 77, 76, 75, 74, 73, 72, 71, 70, 69, 68, 67, 57, 58, 56, 54, 53, 55, 43, 44, 45, 46, 48, 47, 52, 51, 50, 49, 36, 35, 37, 38, 39, 40, 41, 42, 59, 60, 117, 61, 62, 63, 65, 66, 64, 84, 85, 115, 116, 114, 113, 111, 87, 82, 83, 86, 112, 110, 109, 107, 106, 105, 104, 103, 102, 101, 100, 171, 170, 169, 168, 167, 166, 165, 164, 163, 162, 161, 160, 173, 172, 174, 159, 158, 157, 156, 118, 119, 120, 121, 122, 123, 124, 29, 30, 34, 33, 32, 31, 28, 27, 26, 25, 21, 24, 22, 23, 13, 12, 11, 10, 9, 7, 6, 8, 274, 273, 272, 271, 270, 15, 14, 16, 17, 132, 269, 268, 267, 135, 134, 133, 131, 19, 18, 130, 129, 20, 127, 126, 125, 128, 153, 154, 152, 155, 151, 150, 176, 175, 180, 181, 182, 183, 179, 178, 177, 149, 148, 147, 146, 145, 144, 143, 142, 141, 140, 139, 138, 137, 136, 266, 265, 264, 263, 262, 261, 260, 259, 258, 257, 256, 253, 252, 251, 254, 255, 248, 247, 278, 277, 3, 276, 275, 5, 4, 0, 2, 279, 1, 241, 242, 243, 240, 239, 238, 237, 230, 231, 232, 233, 234, 235, 236, 245, 244, 246, 249, 250, 229, 228, 227, 226, 225, 224, 223, 222, 221, 220, 219, 218, 217, 216, 215, 214, 213, 212, 211, 210, 209, 208, 207, 206, 205, 204, 203, 202, 201, 200, 199, 198, 197, 196, 195, 194, 193, 191, 190, 189, 188, 187, 185, 186, 184, 192]"
4,Log,10,3049.7559441367985,90,"[190, 189, 188, 187, 186, 185, 191, 193, 192, 181, 182, 183, 184, 162, 163, 164, 165, 166, 167, 171, 169, 168, 100, 101, 102, 103, 107, 111, 87, 82, 81, 80, 75, 74, 73, 76, 77, 78, 79, 93, 94, 95, 96, 92, 97, 98, 99, 91, 90, 89, 88, 108, 109, 106, 104, 105, 170, 172, 173, 160, 174, 161, 180, 175, 178, 179, 159, 158, 157, 156, 118, 119, 120, 121, 122, 123, 124, 29, 30, 125, 126, 127, 128, 153, 154, 152, 155, 151, 150, 176, 177, 149, 148, 147, 139, 138, 140, 141, 142, 143, 146, 145, 144, 199, 198, 197, 196, 195, 194, 200, 201, 202, 203, 204, 205, 206, 207, 208, 209, 210, 211, 212, 213, 214, 215, 216, 217, 218, 219, 220, 221, 222, 223, 224, 225, 226, 227, 228, 229, 250, 249, 246, 243, 244, 245, 230, 231, 232, 234, 233, 235, 236, 237, 238, 239, 240, 242, 241, 1, 279, 0, 4, 5, 275, 276, 3, 277, 278, 2, 247, 248, 255, 254, 251, 252, 253, 256, 257, 258, 259, 260, 261, 262, 263, 264, 266, 265, 137, 136, 135, 267, 134, 268, 133, 269, 132, 131, 130, 129, 20, 19, 18, 17, 16, 15, 14, 270, 271, 272, 273, 274, 8, 6, 7, 9, 10, 11, 12, 13, 23, 22, 24, 21, 25, 26, 27, 28, 31, 32, 33, 34, 35, 36, 37, 38, 39, 40, 41, 42, 59, 60, 117, 116, 114, 113, 110, 112, 86, 83, 84, 85, 115, 61, 62, 63, 64, 65, 66, 71, 72, 70, 69, 68, 67, 56, 55, 45, 46, 47, 48, 49, 50, 51, 52, 53, 54, 44, 43, 57, 58]","[190, 189, 188, 187, 186, 185, 191, 193, 192, 181, 182, 183, 184, 162, 163, 164, 165, 166, 167, 171, 169, 168, 100, 101, 102, 103, 107, 111, 87, 82, 81, 80, 75, 74, 73, 76, 77, 78, 79, 93, 94, 95, 96, 92, 97, 98, 99, 91, 90, 89, 88, 108, 109, 106, 104, 105, 170, 172, 173, 160, 174, 161, 180, 175, 178, 179, 159, 158, 157, 156, 118, 119, 120, 121, 122, 123, 124, 29, 30, 125, 126, 127, 128, 153, 154, 152, 155, 151, 150, 176, 177, 149, 148, 147, 139, 138, 140, 141, 142, 143, 146, 145, 144, 199, 198, 197, 196, 195, 194, 200, 201, 202, 203, 204, 205, 206, 207, 208, 209, 210, 211, 212, 213, 214, 215, 216, 217, 218, 219, 220, 221, 222, 223, 224, 225, 226, 227, 228, 229, 250, 249, 246, 243, 244, 245, 230, 231, 232, 234, 233, 235, 236, 237, 238, 239, 240, 242, 241, 1, 279, 0, 4, 5, 275, 276, 3, 277, 278, 2, 247, 248, 255, 254, 251, 252, 253, 256, 257, 258, 259, 260, 261, 262, 263, 264, 266, 265, 137, 136, 135, 267, 134, 268, 133, 269, 132, 131, 130, 129, 20, 19, 18, 17, 16, 15, 14, 270, 271, 272, 273, 274, 8, 6, 7, 9, 10, 11, 12, 13, 23, 22, 24, 21, 25, 26, 27, 28, 31, 32, 33, 34, 35, 36, 37, 38, 39, 40, 41, 42, 59, 60, 117, 116, 114, 113, 110, 112, 86, 83, 84, 85, 115, 61, 62, 63, 64, 65, 66, 71, 72, 70, 69, 68, 67, 56, 55, 45, 46, 47, 48, 49, 50, 51, 52, 53, 54, 44, 43, 57, 58]"
5,Log,10,3032.5767988522357,90,"[128, 19, 18, 17, 16, 132, 131, 130, 129, 20, 127, 126, 125, 28, 27, 26, 25, 21, 24, 22, 23, 13, 12, 11, 10, 9, 7, 6, 8, 274, 273, 272, 271, 270, 14, 15, 133, 269, 268, 134, 135, 267, 266, 265, 137, 264, 263, 262, 261, 260, 259, 258, 257, 256, 253, 252, 251, 254, 255, 248, 247, 277, 278, 2, 3, 276, 275, 5, 4, 0, 279, 1, 241, 242, 243, 240, 239, 238, 245, 230, 231, 232, 233, 234, 235, 236, 237, 244, 246, 249, 250, 229, 228, 227, 226, 225, 224, 223, 222, 221, 220, 219, 218, 217, 216, 215, 214, 213, 212, 211, 210, 209, 208, 207, 206, 205, 204, 203, 202, 201, 200, 199, 198, 197, 196, 195, 194, 193, 191, 190, 192, 189, 188, 185, 186, 187, 165, 166, 167, 168, 102, 101, 100, 99, 98, 96, 95, 94, 93, 92, 97, 91, 90, 89, 108, 88, 111, 87, 112, 113, 110, 109, 107, 103, 106, 173, 172, 104, 105, 169, 170, 171, 164, 163, 162, 161, 160, 174, 159, 158, 157, 156, 118, 120, 119, 176, 175, 180, 181, 184, 183, 182, 179, 178, 146, 145, 144, 143, 142, 141, 140, 139, 138, 136, 147, 148, 149, 177, 150, 151, 155, 152, 154, 153, 121, 122, 123, 124, 29, 30, 31, 32, 33, 34, 35, 36, 37, 38, 39, 40, 41, 42, 59, 60, 117, 61, 62, 63, 58, 43, 44, 45, 46, 47, 48, 49, 50, 51, 52, 53, 54, 55, 56, 57, 67, 68, 66, 69, 70, 71, 72, 73, 65, 64, 85, 114, 116, 115, 84, 83, 86, 82, 81, 80, 79, 78, 75, 74, 76, 77]","[128, 19, 18, 17, 16, 132, 131, 130, 129, 20, 127, 126, 125, 28, 27, 26, 25, 21, 24, 22, 23, 13, 12, 11, 10, 9, 7, 6, 8, 274, 273, 272, 271, 270, 14, 15, 133, 269, 268, 134, 135, 267, 266, 265, 137, 264, 263, 262, 261, 260, 259, 258, 257, 256, 253, 252, 251, 254, 255, 248, 247, 277, 278, 2, 3, 276, 275, 5, 4, 0, 279, 1, 241, 242, 243, 240, 239, 238, 245, 230, 231, 232, 233, 234, 235, 236, 237, 244, 246, 249, 250, 229, 228, 227, 226, 225, 224, 223, 222, 221, 220, 219, 218, 217, 216, 215, 214, 213, 212, 211, 210, 209, 208, 207, 206, 205, 204, 203, 202, 201, 200, 199, 198, 197, 196, 195, 194, 193, 191, 190, 192, 189, 188, 185, 186, 187, 165, 166, 167, 168, 102, 101, 100, 99, 98, 96, 95, 94, 93, 92, 97, 91, 90, 89, 108, 88, 111, 87, 112, 113, 110, 109, 107, 103, 106, 173, 172, 104, 105, 169, 170, 171, 164, 163, 162, 161, 160, 174, 159, 158, 157, 156, 118, 120, 119, 176, 175, 180, 181, 184, 183, 182, 179, 178, 146, 145, 144, 143, 142, 141, 140, 139, 138, 136, 147, 148, 149, 177, 150, 151, 155, 152, 154, 153, 121, 122, 123, 124, 29, 30, 31, 32, 33, 34, 35, 36, 37, 38, 39, 40, 41, 42, 59, 60, 117, 61, 62, 63, 58, 43, 44, 45, 46, 47, 48, 49, 50, 51, 52, 53, 54, 55, 56, 57, 67, 68, 66, 69, 70, 71, 72, 73, 65, 64, 85, 114, 116, 115, 84, 83, 86, 82, 81, 80, 79, 78, 75, 74, 76, 77]"
6,Log,20,2868.033207905913,70,"[184, 185, 186, 187, 188, 189, 190, 191, 192, 193, 194, 195, 196, 197, 198, 199, 200, 201, 202, 203, 204, 205, 206, 207, 208, 209, 210, 211, 212, 213, 214, 215, 216, 217, 218, 219, 220, 221, 222, 223, 224, 225, 226, 227, 228, 229, 250, 249, 246, 243, 244, 245, 230, 231, 232, 233, 234, 235, 236, 237, 238, 239, 240, 242, 241, 1, 279, 0, 4, 5, 275, 276, 3, 2, 278, 277, 247, 248, 255, 254, 251, 252, 253, 256, 257, 258, 259, 260, 261, 262, 263, 264, 265, 266, 136, 137, 138, 139, 140, 141, 142, 143, 144, 145, 146, 147, 148, 149, 177, 178, 179, 183, 182, 181, 180, 175, 176, 150, 151, 155, 152, 154, 153, 119, 120, 121, 122, 123, 124, 125, 126, 127, 128, 129, 20, 132, 16, 17, 18, 19, 130, 131, 133, 134, 135, 267, 268, 269, 15, 14, 270, 271, 272, 273, 274, 8, 6, 7, 9, 10, 11, 12, 13, 23, 22, 24, 21, 25, 26, 27, 28, 29, 30, 31, 32, 33, 34, 35, 36, 37, 38, 39, 40, 41, 42, 59, 58, 43, 44, 45, 46, 47, 48, 49, 50, 51, 52, 53, 54, 55, 56, 57, 67, 68, 69, 70, 71, 72, 73, 66, 65, 64, 63, 62, 61, 115, 85, 84, 83, 86, 112, 113, 114, 116, 117, 60, 118, 156, 157, 158, 159, 174, 160, 161, 162, 163, 164, 165, 166, 167, 168, 169, 171, 170, 173, 172, 106, 105, 104, 102, 101, 100, 99, 98, 97, 96, 95, 94, 93, 92, 91, 90, 89, 88, 108, 103, 107, 109, 110, 111, 87, 82, 81, 80, 79, 78, 75, 74, 76, 77]","[184, 185, 186, 187, 188, 189, 190, 191, 192, 193, 194, 195, 196, 197, 198, 199, 200, 201, 202, 203, 204, 205, 206, 207, 208, 209, 210, 211, 212, 213, 214, 215, 216, 217, 218, 219, 220, 221, 222, 223, 224, 225, 226, 227, 228, 229, 250, 249, 246, 243, 244, 245, 230, 231, 232, 233, 234, 235, 236, 237, 238, 239, 240, 242, 241, 1, 279, 0, 4, 5, 275, 276, 3, 2, 278, 277, 247, 248, 255, 254, 251, 252, 253, 256, 257, 258, 259, 260, 261, 262, 263, 264, 265, 266, 136, 137, 138, 139, 140, 141, 142, 143, 144, 145, 146, 147, 148, 149, 177, 178, 179, 183, 182, 181, 180, 175, 176, 150, 151, 155, 152, 154, 153, 119, 120, 121, 122, 123, 124, 125, 126, 127, 128, 129, 20, 132, 16, 17, 18, 19, 130, 131, 133, 134, 135, 267, 268, 269, 15, 14, 270, 271, 272, 273, 274, 8, 6, 7, 9, 10, 11, 12, 13, 23, 22, 24, 21, 25, 26, 27, 28, 29, 30, 31, 32, 33, 34, 35, 36, 37, 38, 39, 40, 41, 42, 59, 58, 43, 44, 45, 46, 47, 48, 49, 50, 51, 52, 53, 54, 55, 56, 57, 67, 68, 69, 70, 71, 72, 73, 66, 65, 64, 63, 62, 61, 115, 85, 84, 83, 86, 112, 113, 114, 116, 117, 60, 118, 156, 157, 158, 159, 174, 160, 161, 162, 163, 164, 165, 166, 167, 168, 169, 171, 170, 173, 172, 106, 105, 104, 102, 101, 100, 99, 98, 97, 96, 95, 94, 93, 92, 91, 90, 89, 88, 108, 103, 107, 109, 110, 111, 87, 82, 81, 80, 79, 78, 75, 74, 76, 77]"
7,Log,20,2962.020737386952,70,"[55, 56, 43, 44, 45, 46, 54, 53, 52, 51, 50, 49, 48, 47, 38, 39, 40, 41, 42, 59, 60, 117, 61, 62, 58, 57, 67, 68, 69, 70, 71, 72, 73, 74, 76, 77, 75, 78, 79, 80, 81, 82, 87, 111, 112, 86, 83, 84, 64, 65, 66, 63, 85, 115, 116, 114, 113, 110, 109, 106, 104, 105, 173, 172, 170, 171, 169, 101, 102, 103, 107, 108, 88, 89, 90, 91, 92, 93, 94, 95, 96, 97, 98, 99, 100, 168, 167, 166, 165, 164, 163, 162, 161, 160, 174, 159, 158, 157, 156, 118, 119, 120, 121, 122, 123, 124, 29, 34, 37, 36, 35, 33, 32, 31, 30, 28, 27, 26, 25, 21, 24, 22, 23, 13, 12, 11, 10, 9, 7, 6, 8, 274, 273, 272, 271, 270, 14, 15, 16, 17, 18, 19, 20, 127, 125, 126, 128, 129, 130, 131, 132, 133, 134, 135, 267, 266, 136, 137, 138, 139, 265, 264, 263, 268, 269, 262, 261, 260, 259, 258, 257, 256, 253, 252, 251, 254, 255, 248, 247, 279, 2, 278, 277, 3, 276, 275, 5, 4, 0, 1, 241, 242, 243, 240, 239, 238, 237, 236, 235, 234, 233, 232, 231, 230, 245, 244, 246, 249, 250, 229, 228, 227, 226, 225, 224, 223, 222, 221, 220, 219, 218, 217, 216, 215, 214, 213, 212, 211, 210, 209, 208, 207, 206, 205, 204, 203, 202, 201, 200, 197, 196, 195, 194, 193, 191, 190, 189, 188, 187, 186, 185, 184, 183, 182, 181, 180, 179, 178, 175, 176, 150, 151, 155, 153, 154, 152, 177, 149, 148, 147, 140, 146, 141, 142, 143, 145, 144, 199, 198, 192]","[55, 56, 43, 44, 45, 46, 54, 53, 52, 51, 50, 49, 48, 47, 38, 39, 40, 41, 42, 59, 60, 117, 61, 62, 58, 57, 67, 68, 69, 70, 71, 72, 73, 74, 76, 77, 75, 78, 79, 80, 81, 82, 87, 111, 112, 86, 83, 84, 64, 65, 66, 63, 85, 115, 116, 114, 113, 110, 109, 106, 104, 105, 173, 172, 170, 171, 169, 101, 102, 103, 107, 108, 88, 89, 90, 91, 92, 93, 94, 95, 96, 97, 98, 99, 100, 168, 167, 166, 165, 164, 163, 162, 161, 160, 174, 159, 158, 157, 156, 118, 119, 120, 121, 122, 123, 124, 29, 34, 37, 36, 35, 33, 32, 31, 30, 28, 27, 26, 25, 21, 24, 22, 23, 13, 12, 11, 10, 9, 7, 6, 8, 274, 273, 272, 271, 270, 14, 15, 16, 17, 18, 19, 20, 127, 125, 126, 128, 129, 130, 131, 132, 133, 134, 135, 267, 266, 136, 137, 138, 139, 265, 264, 263, 268, 269, 262, 261, 260, 259, 258, 257, 256, 253, 252, 251, 254, 255, 248, 247, 279, 2, 278, 277, 3, 276, 275, 5, 4, 0, 1, 241, 242, 243, 240, 239, 238, 237, 236, 235, 234, 233, 232, 231, 230, 245, 244, 246, 249, 250, 229, 228, 227, 226, 225, 224, 223, 222, 221, 220, 219, 218, 217, 216, 215, 214, 213, 212, 211, 210, 209, 208, 207, 206, 205, 204, 203, 202, 201, 200, 197, 196, 195, 194, 193, 191, 190, 189, 188, 187, 186, 185, 184, 183, 182, 181, 180, 179, 178, 175, 176, 150, 151, 155, 153, 154, 152, 177, 149, 148, 147, 140, 146, 141, 142, 143, 145, 144, 199, 198, 192]"
8,Log,20,3049.960624438996,80,"[138, 137, 136, 135, 134, 133, 269, 268, 267, 266, 265, 139, 140, 141, 146, 147, 148, 149, 177, 176, 150, 151, 155, 152, 154, 153, 128, 130, 129, 127, 20, 19, 18, 17, 131, 132, 16, 15, 14, 270, 271, 272, 273, 274, 5, 4, 0, 2, 279, 1, 241, 242, 243, 240, 239, 238, 237, 236, 235, 234, 233, 232, 231, 230, 245, 244, 246, 249, 250, 229, 228, 227, 226, 225, 224, 223, 222, 221, 218, 217, 214, 213, 212, 215, 216, 219, 220, 200, 199, 143, 142, 145, 144, 198, 197, 196, 192, 191, 190, 189, 188, 187, 186, 185, 193, 194, 195, 201, 202, 203, 204, 264, 263, 262, 261, 260, 259, 258, 257, 256, 255, 254, 253, 252, 207, 205, 206, 211, 210, 209, 208, 251, 248, 247, 277, 278, 3, 276, 275, 8, 6, 7, 9, 10, 11, 12, 13, 23, 22, 24, 21, 25, 26, 27, 28, 30, 31, 32, 35, 36, 37, 38, 34, 33, 29, 126, 125, 124, 123, 122, 121, 120, 119, 118, 156, 157, 158, 159, 175, 178, 179, 180, 181, 182, 183, 184, 174, 160, 161, 162, 163, 164, 165, 166, 167, 168, 169, 170, 171, 105, 172, 173, 106, 104, 107, 103, 102, 101, 100, 99, 98, 97, 96, 95, 94, 93, 92, 91, 90, 89, 88, 108, 109, 110, 111, 112, 113, 114, 116, 117, 60, 59, 42, 41, 40, 39, 47, 48, 49, 50, 51, 52, 45, 46, 53, 54, 44, 55, 56, 43, 58, 57, 67, 68, 69, 66, 65, 64, 63, 62, 61, 115, 85, 84, 83, 86, 82, 87, 81, 80, 79, 78, 75, 72, 71, 70, 73, 74, 76, 77]","[138, 137, 136, 135, 134, 133, 269, 268, 267, 266, 265, 139, 140, 141, 146, 147, 148, 149, 177, 176, 150, 151, 155, 152, 154, 153, 128, 130, 129, 127, 20, 19, 18, 17, 131, 132, 16, 15, 14, 270, 271, 272, 273, 274, 5, 4, 0, 2, 279, 1, 241, 242, 243, 240, 239, 238, 237, 236, 235, 234, 233, 232, 231, 230, 245, 244, 246, 249, 250, 229, 228, 227, 226, 225, 224, 223, 222, 221, 218, 217, 214, 213, 212, 215, 216, 219, 220, 200, 199, 143, 142, 145, 144, 198, 197, 196, 192, 191, 190, 189, 188, 187, 186, 185, 193, 194, 195, 201, 202, 203, 204, 264, 263, 262, 261, 260, 259, 258, 257, 256, 255, 254, 253, 252, 207, 205, 206, 211, 210, 209, 208, 251, 248, 247, 277, 278, 3, 276, 275, 8, 6, 7, 9, 10, 11, 12, 13, 23, 22, 24, 21, 25, 26, 27, 28, 30, 31, 32, 35, 36, 37, 38, 34, 33, 29, 126, 125, 124, 123, 122, 121, 120, 119, 118, 156, 157, 158, 159, 175, 178, 179, 180, 181, 182, 183, 184, 174, 160, 161, 162, 163, 164, 165, 166, 167, 168, 169, 170, 171, 105, 172, 173, 106, 104, 107, 103, 102, 101, 100, 99, 98, 97, 96, 95, 94, 93, 92, 91, 90, 89, 88, 108, 109, 110, 111, 112, 113, 114, 116, 117, 60, 59, 42, 41, 40, 39, 47, 48, 49, 50, 51, 52, 45, 46, 53, 54, 44, 55, 56, 43, 58, 57, 67, 68, 69, 66, 65, 64, 63, 62, 61, 115, 85, 84, 83, 86, 82, 87, 81, 80, 79, 78, 75, 72, 71, 70, 73, 74, 76, 77]"
9,Log,20,2956.19787396002,80,"[199, 202, 201, 143, 142, 146, 147, 148, 149, 178, 179, 180, 182, 181, 175, 176, 177, 150, 151, 155, 152, 154, 153, 129, 130, 131, 132, 16, 17, 18, 19, 20, 127, 128, 126, 125, 29, 124, 123, 122, 121, 120, 119, 118, 156, 157, 158, 159, 174, 160, 173, 172, 106, 105, 104, 107, 109, 110, 113, 112, 114, 115, 85, 84, 83, 86, 111, 87, 82, 81, 80, 88, 108, 103, 102, 101, 89, 90, 91, 92, 93, 94, 95, 96, 97, 98, 99, 100, 168, 169, 170, 171, 167, 166, 165, 164, 163, 162, 161, 184, 183, 185, 186, 187, 188, 189, 190, 191, 192, 196, 193, 194, 195, 200, 197, 198, 144, 145, 141, 140, 139, 138, 137, 136, 135, 134, 133, 269, 268, 267, 266, 265, 264, 263, 262, 261, 260, 259, 258, 257, 256, 253, 252, 205, 204, 203, 211, 210, 213, 214, 217, 212, 215, 216, 219, 220, 218, 221, 222, 223, 224, 225, 226, 227, 228, 229, 250, 208, 209, 206, 207, 251, 254, 255, 248, 249, 247, 246, 244, 245, 230, 231, 232, 233, 234, 235, 236, 237, 238, 239, 240, 243, 242, 241, 0, 1, 279, 2, 278, 277, 3, 4, 5, 276, 275, 274, 8, 6, 7, 9, 10, 11, 273, 272, 271, 270, 15, 14, 12, 13, 23, 22, 24, 21, 25, 26, 27, 28, 30, 31, 32, 33, 35, 36, 37, 34, 38, 39, 40, 41, 42, 59, 60, 117, 116, 61, 62, 63, 64, 65, 75, 78, 79, 77, 76, 74, 73, 72, 71, 70, 66, 69, 68, 67, 57, 56, 55, 54, 53, 52, 51, 50, 49, 48, 47, 46, 45, 44, 43, 58]","[199, 202, 201, 143, 142, 146, 147, 148, 149, 178, 179, 180, 182, 181, 175, 176, 177, 150, 151, 155, 152, 154, 153, 129, 130, 131, 132, 16, 17, 18, 19, 20, 127, 128, 126, 125, 29, 124, 123, 122, 121, 120, 119, 118, 156, 157, 158, 159, 174, 160, 173, 172, 106, 105, 104, 107, 109, 110, 113, 112, 114, 115, 85, 84, 83, 86, 111, 87, 82, 81, 80, 88, 108, 103, 102, 101, 89, 90, 91, 92, 93, 94, 95, 96, 97, 98, 99, 100, 168, 169, 170, 171, 167, 166, 165, 164, 163, 162, 161, 184, 183, 185, 186, 187, 188, 189, 190, 191, 192, 196, 193, 194, 195, 200, 197, 198, 144, 145, 141, 140, 139, 138, 137, 136, 135, 134, 133, 269, 268, 267, 266, 265, 264, 263, 262, 261, 260, 259, 258, 257, 256, 253, 252, 205, 204, 203, 211, 210, 213, 214, 217, 212, 215, 216, 219, 220, 218, 221, 222, 223, 224, 225, 226, 227, 228, 229, 250, 208, 209, 206, 207, 251, 254, 255, 248, 249, 247, 246, 244, 245, 230, 231, 232, 233, 234, 235, 236, 237, 238, 239, 240, 243, 242, 241, 0, 1, 279, 2, 278, 277, 3, 4, 5, 276, 275, 274, 8, 6, 7, 9, 10, 11, 273, 272, 271, 270, 15, 14, 12, 13, 23, 22, 24, 21, 25, 26, 27, 28, 30, 31, 32, 33, 35, 36, 37, 34, 38, 39, 40, 41, 42, 59, 60, 117, 116, 61, 62, 63, 64, 65, 75, 78, 79, 77, 76, 74, 73, 72, 71, 70, 66, 69, 68, 67, 57, 56, 55, 54, 53, 52, 51, 50, 49, 48, 47, 46, 45, 44, 43, 58]"
10,Log,20,2923.6552735117066,90,"[102, 90, 91, 97, 96, 95, 94, 93, 92, 98, 99, 100, 101, 104, 103, 107, 108, 89, 88, 80, 79, 78, 81, 82, 83, 86, 112, 113, 114, 116, 115, 85, 84, 64, 63, 62, 61, 117, 60, 59, 42, 41, 40, 39, 38, 34, 33, 29, 125, 124, 123, 122, 121, 120, 119, 118, 156, 157, 158, 159, 174, 175, 176, 150, 151, 155, 152, 154, 153, 128, 126, 127, 20, 129, 130, 19, 18, 131, 132, 17, 16, 15, 270, 271, 272, 273, 274, 8, 6, 7, 9, 10, 11, 12, 14, 13, 23, 22, 24, 21, 25, 26, 27, 28, 30, 31, 32, 35, 36, 37, 49, 51, 50, 48, 47, 52, 46, 53, 54, 55, 56, 44, 45, 43, 58, 57, 67, 68, 69, 66, 65, 70, 71, 72, 73, 74, 76, 77, 75, 87, 111, 110, 109, 106, 105, 170, 171, 169, 168, 167, 166, 165, 164, 172, 173, 160, 161, 162, 163, 187, 188, 189, 185, 186, 184, 183, 182, 181, 180, 179, 178, 177, 149, 148, 147, 146, 145, 144, 143, 142, 141, 140, 138, 139, 137, 136, 267, 268, 133, 269, 134, 135, 266, 265, 264, 263, 262, 261, 260, 259, 258, 257, 256, 253, 252, 251, 254, 255, 248, 247, 279, 2, 278, 277, 3, 276, 275, 5, 4, 0, 1, 241, 242, 240, 243, 239, 238, 237, 236, 235, 234, 233, 232, 231, 230, 245, 244, 246, 249, 250, 229, 228, 227, 226, 225, 224, 223, 222, 221, 220, 219, 216, 218, 217, 214, 215, 212, 213, 211, 210, 209, 208, 207, 206, 205, 204, 203, 202, 199, 200, 201, 198, 197, 196, 195, 194, 193, 191, 190, 192]","[102, 90, 91, 97, 96, 95, 94, 93, 92, 98, 99, 100, 101, 104, 103, 107, 108, 89, 88, 80, 79, 78, 81, 82, 83, 86, 112, 113, 114, 116, 115, 85, 84, 64, 63, 62, 61, 117, 60, 59, 42, 41, 40, 39, 38, 34, 33, 29, 125, 124, 123, 122, 121, 120, 119, 118, 156, 157, 158, 159, 174, 175, 176, 150, 151, 155, 152, 154, 153, 128, 126, 127, 20, 129, 130, 19, 18, 131, 132, 17, 16, 15, 270, 271, 272, 273, 274, 8, 6, 7, 9, 10, 11, 12, 14, 13, 23, 22, 24, 21, 25, 26, 27, 28, 30, 31, 32, 35, 36, 37, 49, 51, 50, 48, 47, 52, 46, 53, 54, 55, 56, 44, 45, 43, 58, 57, 67, 68, 69, 66, 65, 70, 71, 72, 73, 74, 76, 77, 75, 87, 111, 110, 109, 106, 105, 170, 171, 169, 168, 167, 166, 165, 164, 172, 173, 160, 161, 162, 163, 187, 188, 189, 185, 186, 184, 183, 182, 181, 180, 179, 178, 177, 149, 148, 147, 146, 145, 144, 143, 142, 141, 140, 138, 139, 137, 136, 267, 268, 133, 269, 134, 135, 266, 265, 264, 263, 262, 261, 260, 259, 258, 257, 256, 253, 252, 251, 254, 255, 248, 247, 279, 2, 278, 277, 3, 276, 275, 5, 4, 0, 1, 241, 242, 240, 243, 239, 238, 237, 236, 235, 234, 233, 232, 231, 230, 245, 244, 246, 249, 250, 229, 228, 227, 226, 225, 224, 223, 222, 221, 220, 219, 216, 218, 217, 214, 215, 212, 213, 211, 210, 209, 208, 207, 206, 205, 204, 203, 202, 199, 200, 201, 198, 197, 196, 195, 194, 193, 191, 190, 192]"
11,Log,20,2941.3749103999144,90,"[76, 77, 78, 79, 80, 81, 75, 74, 73, 72, 71, 70, 65, 66, 69, 68, 67, 57, 58, 43, 56, 55, 44, 54, 53, 52, 51, 50, 49, 48, 47, 46, 45, 39, 40, 41, 42, 59, 60, 117, 61, 62, 64, 63, 84, 85, 115, 116, 114, 112, 86, 83, 82, 87, 111, 113, 110, 109, 107, 108, 88, 89, 90, 91, 92, 93, 94, 95, 96, 97, 98, 99, 100, 168, 101, 102, 103, 104, 105, 106, 173, 172, 171, 170, 169, 167, 166, 165, 164, 163, 162, 161, 160, 174, 159, 158, 157, 156, 118, 119, 120, 121, 122, 123, 124, 29, 30, 33, 34, 38, 37, 36, 35, 32, 31, 28, 27, 26, 25, 21, 24, 22, 23, 13, 12, 14, 11, 10, 9, 7, 6, 8, 274, 273, 272, 271, 270, 15, 132, 131, 130, 129, 127, 126, 125, 128, 20, 19, 18, 17, 16, 269, 133, 267, 135, 134, 268, 263, 264, 262, 261, 260, 259, 258, 257, 256, 255, 254, 251, 208, 209, 210, 211, 212, 213, 214, 215, 216, 217, 218, 219, 220, 221, 222, 223, 224, 225, 226, 227, 228, 229, 250, 249, 246, 243, 244, 245, 230, 236, 231, 232, 233, 234, 235, 237, 238, 239, 240, 241, 242, 1, 279, 2, 0, 4, 5, 275, 276, 3, 278, 277, 247, 248, 253, 252, 207, 206, 205, 204, 203, 202, 201, 195, 194, 193, 196, 197, 200, 199, 198, 144, 143, 145, 142, 146, 141, 140, 147, 139, 265, 266, 136, 137, 138, 148, 149, 154, 153, 152, 155, 151, 150, 177, 176, 175, 180, 178, 179, 181, 182, 183, 184, 185, 186, 187, 188, 189, 190, 191, 192]","[76, 77, 78, 79, 80, 81, 75, 74, 73, 72, 71, 70, 65, 66, 69, 68, 67, 57, 58, 43, 56, 55, 44, 54, 53, 52, 51, 50, 49, 48, 47, 46, 45, 39, 40, 41, 42, 59, 60, 117, 61, 62, 64, 63, 84, 85, 115, 116, 114, 112, 86, 83, 82, 87, 111, 113, 110, 109, 107, 108, 88, 89, 90, 91, 92, 93, 94, 95, 96, 97, 98, 99, 100, 168, 101, 102, 103, 104, 105, 106, 173, 172, 171, 170, 169, 167, 166, 165, 164, 163, 162, 161, 160, 174, 159, 158, 157, 156, 118, 119, 120, 121, 122, 123, 124, 29, 30, 33, 34, 38, 37, 36, 35, 32, 31, 28, 27, 26, 25, 21, 24, 22, 23, 13, 12, 14, 11, 10, 9, 7, 6, 8, 274, 273, 272, 271, 270, 15, 132, 131, 130, 129, 127, 126, 125, 128, 20, 19, 18, 17, 16, 269, 133, 267, 135, 134, 268, 263, 264, 262, 261, 260, 259, 258, 257, 256, 255, 254, 251, 208, 209, 210, 211, 212, 213, 214, 215, 216, 217, 218, 219, 220, 221, 222, 223, 224, 225, 226, 227, 228, 229, 250, 249, 246, 243, 244, 245, 230, 236, 231, 232, 233, 234, 235, 237, 238, 239, 240, 241, 242, 1, 279, 2, 0, 4, 5, 275, 276, 3, 278, 277, 247, 248, 253, 252, 207, 206, 205, 204, 203, 202, 201, 195, 194, 193, 196, 197, 200, 199, 198, 144, 143, 145, 142, 146, 141, 140, 147, 139, 265, 266, 136, 137, 138, 148, 149, 154, 153, 152, 155, 151, 150, 177, 176, 175, 180, 178, 179, 181, 182, 183, 184, 185, 186, 187, 188, 189, 190, 191, 192]"
